{
  "356att": {
    "1D": {
      "P_eff_um": 15.737106442554818,
      "D_eff_um": 5.99505821506416,
      "alpha": 0.06329304654414342,
      "gamma": 2.1270882865302534,
      "theta_offset": -1.5063226390018163,
      "eps_floor": 0.0,
      "success": true,
      "fun": 3.8469436332561955
    },
    "2D_Complex": {
      "P_eff_um": 16.72890956704905,
      "D_eff_um": 4.820033863829144,
      "loss_factor": 0.2868833628974018,
      "gamma": 0.29443197847535185,
      "theta_offset": -0.013147750893044999,
      "tau_ps": 0.0237446498573639,
      "success": true,
      "fun": 0.0027303252035544164,
      "errors": {
        "P_um_err": 0.025383427506172365,
        "D_um_err": 0.007419857253976643,
        "loss_factor_err": 0.0016298177274655574,
        "gamma_err": 0.001628231530714677,
        "angle_offset_err": 0.001628986494890099,
        "tau_ps_err": 0.000835462807984205
      }
    }
  },
  "series3": {
    "1D": {
      "P_eff_um": 16.074083934971274,
      "D_eff_um": 5.799922689497621,
      "alpha": 0.03769048038847688,
      "gamma": 1.2430352319393696,
      "theta_offset": -0.4611119975816153,
      "eps_floor": 5.164066886565829e-05,
      "success": true,
      "fun": 0.287399692429026
    },
    "2D_Complex": {
      "P_eff_um": 17.499999998898,
      "D_eff_um": 4.991299557499447,
      "loss_factor": 0.001692910100523182,
      "gamma": 0.720882486064538,
      "theta_offset": 0.0037034777388115173,
      "tau_ps": 0.01254243209440651,
      "success": true,
      "fun": 0.001935202577505202,
      "errors": {
        "P_um_err": 3.254626978674176e-09,
        "D_um_err": 0.020412410237707863,
        "loss_factor_err": 0.02451837192886217,
        "gamma_err": 0.0,
        "angle_offset_err": 0.08254838243964088,
        "tau_ps_err": 0.000882740644234821
      }
    }
  },
  "Global_Average": {
    "1D": {
      "P_eff_um": 15.438475155212833,
      "D_eff_um": 6.177699422254085,
      "alpha": 0.0,
      "gamma": 1.3051338989665184,
      "theta_offset": 0.3487744332562746,
      "eps_floor": 0.0,
      "success": true,
      "fun": 3.9389665673329066
    },
    "2D_Complex": {
      "P_eff_um": 17.49999538664478,
      "D_eff_um": 5.052791948523628,
      "loss_factor": 0.28727763158929864,
      "gamma": 1.8676232080052704,
      "theta_offset": -0.18337733049825639,
      "tau_ps": 0.03269456873815149,
      "success": true,
      "fun": 0.00265714073212848,
      "errors": {
        "P_um_err": 3.853496185318146e-09,
        "D_um_err": 0.009981431182118163,
        "loss_factor_err": 0.0022618351302372904,
        "gamma_err": 0.004213938398047247,
        "angle_offset_err": 0.002256014207986242,
        "tau_ps_err": 0.0009912260388539847
      }
    }
  }
}