{
  "356att": {
    "1D": {
      "P_eff_um": 15.737106442554818,
      "D_eff_um": 5.99505821506416,
      "alpha": 0.06329304654414342,
      "gamma": 2.1270882865302534,
      "theta_offset": -1.5063226390018163,
      "eps_floor": 0.0,
      "success": true,
      "fun": 3.8469436332561955
    },
    "2D_Complex": {
      "P_eff_um": 15.5,
      "D_eff_um": 4.080602266216868,
      "loss_factor": 0.36786337207165865,
      "gamma": 1.6416348604161835,
      "theta_offset": -0.013565654768807365,
      "tau_ps": 0.030741484525851695,
      "success": true,
      "fun": 0.02738729484688972
    }
  },
  "series1": {
    "1D": {
      "P_eff_um": 17.2,
      "D_eff_um": 8.974872224832326,
      "alpha": 1.9069081573519506,
      "gamma": 3.0,
      "theta_offset": 0.9554158893883298,
      "eps_floor": 0.0,
      "success": true,
      "fun": 113.94181400741829
    },
    "2D_Complex": {
      "P_eff_um": 15.5,
      "D_eff_um": 8.501101881733131,
      "loss_factor": 1.0386778169954907,
      "gamma": 2.9996178598986085,
      "theta_offset": -0.0171321773166812,
      "tau_ps": 0.018323115190342444,
      "success": true,
      "fun": 0.0481778720340721
    }
  },
  "series2": {
    "1D": {
      "P_eff_um": 16.805285544641592,
      "D_eff_um": 4.202722146264682,
      "alpha": 0.19626516625334797,
      "gamma": 0.1,
      "theta_offset": 0.37704706425701634,
      "eps_floor": 0.0,
      "success": true,
      "fun": 9.436240591561269
    },
    "2D_Complex": {
      "P_eff_um": 15.5,
      "D_eff_um": 5.362241283729676,
      "loss_factor": 0.5600927007611484,
      "gamma": 2.4744160595835387,
      "theta_offset": -0.031939961325040206,
      "tau_ps": 0.03749212755832018,
      "success": true,
      "fun": 0.03855723616897798
    }
  },
  "series3": {
    "1D": {
      "P_eff_um": 16.074083934971274,
      "D_eff_um": 5.799922689497621,
      "alpha": 0.03769048038847688,
      "gamma": 1.2430352319393696,
      "theta_offset": -0.4611119975816153,
      "eps_floor": 5.164066886565829e-05,
      "success": true,
      "fun": 0.287399692429026
    },
    "2D_Complex": {
      "P_eff_um": 15.5,
      "D_eff_um": 4.096199264585478,
      "loss_factor": 0.15855470187867504,
      "gamma": 2.999717205540973,
      "theta_offset": -0.013739208441581857,
      "tau_ps": 0.031095104414104992,
      "success": true,
      "fun": 0.010844167264806682
    }
  },
  "series4": {
    "1D": {
      "P_eff_um": 16.00001509369444,
      "D_eff_um": 5.499912365008904,
      "alpha": 0.05563367860196099,
      "gamma": 1.0019140469445194,
      "theta_offset": 0.0,
      "eps_floor": 0.0,
      "success": true,
      "fun": 2.7926231590963715e-17
    },
    "2D_Complex": {
      "P_eff_um": 15.5,
      "D_eff_um": 15.499970164194378,
      "loss_factor": 1.7629376264207234e-06,
      "gamma": 0.10251794129882522,
      "theta_offset": 0.0010183689760656011,
      "tau_ps": 0.006240166846366043,
      "success": true,
      "fun": 0.04536371697247714
    }
  },
  "series5": {
    "1D": {
      "P_eff_um": 16.000009880112078,
      "D_eff_um": 5.4999426259649224,
      "alpha": 0.07092342832653906,
      "gamma": 1.0013820516128706,
      "theta_offset": 0.0,
      "eps_floor": 0.0,
      "success": true,
      "fun": 2.7716058812613053e-17
    },
    "2D_Complex": {
      "P_eff_um": 15.5,
      "D_eff_um": 13.763499007381373,
      "loss_factor": 0.05826124380844826,
      "gamma": 0.10004632955206916,
      "theta_offset": -0.037274852827899316,
      "tau_ps": 0.02009780948938577,
      "success": false,
      "fun": 0.005131912718157553
    }
  },
  "Global_Average": {
    "1D": {
      "P_eff_um": 15.438475155212833,
      "D_eff_um": 6.177699422254085,
      "alpha": 0.0,
      "gamma": 1.3051338989665184,
      "theta_offset": 0.3487744332562746,
      "eps_floor": 0.0,
      "success": true,
      "fun": 3.9389665673329066
    },
    "2D_Complex": {
      "P_eff_um": 15.5,
      "D_eff_um": 15.499970076545715,
      "loss_factor": 1.5983219317077804e-05,
      "gamma": 0.10001575356629527,
      "theta_offset": -0.005909867457897287,
      "tau_ps": 0.010453403158581946,
      "success": true,
      "fun": 0.0570837167569805
    }
  }
}