{
  "356att": {
    "1D": {
      "P_eff_um": 15.737106442554818,
      "D_eff_um": 5.99505821506416,
      "alpha": 0.06329304654414342,
      "gamma": 2.1270882865302534,
      "theta_offset": -1.5063226390018163,
      "eps_floor": 0.0,
      "success": true,
      "fun": 3.8469436332561955
    },
    "2D_Complex": {
      "P_eff_um": 15.5,
      "D_eff_um": 4.400616248866803,
      "loss_factor": 0.35179904835906944,
      "gamma": 1.6075531265733352,
      "theta_offset": 0.000855649475341476,
      "tau_ps": 0.026375066985020602,
      "success": true,
      "fun": 0.0028043238945977076
    }
  },
  "series1": {
    "1D": {
      "P_eff_um": 17.2,
      "D_eff_um": 8.974872224832326,
      "alpha": 1.9069081573519506,
      "gamma": 3.0,
      "theta_offset": 0.9554158893883298,
      "eps_floor": 0.0,
      "success": true,
      "fun": 113.94181400741829
    },
    "2D_Complex": {
      "P_eff_um": 15.5,
      "D_eff_um": 4.316773329339931,
      "loss_factor": 0.24986748725558278,
      "gamma": 1.7809686003224803,
      "theta_offset": 0.07197503891915356,
      "tau_ps": 0.019908155838211178,
      "success": true,
      "fun": 0.0009022668705104794
    }
  },
  "series2": {
    "1D": {
      "P_eff_um": 16.805285544641592,
      "D_eff_um": 4.202722146264682,
      "alpha": 0.19626516625334797,
      "gamma": 0.1,
      "theta_offset": 0.37704706425701634,
      "eps_floor": 0.0,
      "success": true,
      "fun": 9.436240591561269
    },
    "2D_Complex": {
      "P_eff_um": 15.5,
      "D_eff_um": 4.9331149442608595,
      "loss_factor": 0.402466961945791,
      "gamma": 0.10000142612481769,
      "theta_offset": 0.007603327874554741,
      "tau_ps": 0.034589620343953464,
      "success": true,
      "fun": 0.0021574345082076797
    }
  },
  "series3": {
    "1D": {
      "P_eff_um": 16.074083934971274,
      "D_eff_um": 5.799922689497621,
      "alpha": 0.03769048038847688,
      "gamma": 1.2430352319393696,
      "theta_offset": -0.4611119975816153,
      "eps_floor": 5.164066886565829e-05,
      "success": true,
      "fun": 0.287399692429026
    },
    "2D_Complex": {
      "P_eff_um": 15.5,
      "D_eff_um": 4.341530315001814,
      "loss_factor": 0.19964402408380927,
      "gamma": 2.9599491536305393,
      "theta_offset": -0.011908057121049276,
      "tau_ps": 0.023424711355986755,
      "success": true,
      "fun": 0.0006766816122343931
    }
  },
  "Global_Average": {
    "1D": {
      "P_eff_um": 15.438475155212833,
      "D_eff_um": 6.177699422254085,
      "alpha": 0.0,
      "gamma": 1.3051338989665184,
      "theta_offset": 0.3487744332562746,
      "eps_floor": 0.0,
      "success": true,
      "fun": 3.9389665673329066
    },
    "2D_Complex": {
      "P_eff_um": 15.5,
      "D_eff_um": 4.934142155037702,
      "loss_factor": 0.18139222665769542,
      "gamma": 0.10000000055438747,
      "theta_offset": -0.001478310230017713,
      "tau_ps": 0.0074654302265044796,
      "success": true,
      "fun": 0.0026881251801575048
    }
  }
}