{
  "356att": {
    "1D": {
      "P_eff_um": 15.737106442554818,
      "D_eff_um": 5.99505821506416,
      "alpha": 0.06329304654414342,
      "gamma": 2.1270882865302534,
      "theta_offset": -1.5063226390018163,
      "eps_floor": 0.0,
      "success": true,
      "fun": 3.8469436332561955
    },
    "2D_Complex": {
      "P_eff_um": 16.72890956704905,
      "D_eff_um": 4.820033863829144,
      "loss_factor": 0.2868833628974018,
      "gamma": 0.29443197847535185,
      "theta_offset": -0.013147750893044999,
      "tau_ps": 0.0237446498573639,
      "success": true,
      "fun": 0.0027303252035544164,
      "errors": {
        "P_um_err": 0.025383427506172365,
        "D_um_err": 0.007419857253976643,
        "loss_factor_err": 0.0016298177274655574,
        "gamma_err": 0.001628231530714677,
        "angle_offset_err": 0.001628986494890099,
        "tau_ps_err": 0.000835462807984205
      }
    }
  }
}