{
  "356att": {
    "1D": {
      "P_eff_um": 15.737106442554818,
      "D_eff_um": 5.99505821506416,
      "alpha": 0.06329304654414342,
      "gamma": 2.1270882865302534,
      "theta_offset": -1.5063226390018163,
      "eps_floor": 0.0,
      "success": true,
      "fun": 3.8469436332561955
    },
    "2D_Complex": {
      "P_eff_um": 15.5,
      "D_eff_um": 4.442027509041287,
      "loss_factor": 0.34551750592034947,
      "gamma": 1.7854833721525192,
      "theta_offset": -0.08449208682211345,
      "tau_ps": 0.023792443554855693,
      "success": true,
      "fun": 0.002730650876337554
    }
  },
  "series3": {
    "1D": {
      "P_eff_um": 16.074083934971274,
      "D_eff_um": 5.799922689497621,
      "alpha": 0.03769048038847688,
      "gamma": 1.2430352319393696,
      "theta_offset": -0.4611119975816153,
      "eps_floor": 5.164066886565829e-05,
      "success": true,
      "fun": 0.287399692429026
    },
    "2D_Complex": {
      "P_eff_um": 15.5,
      "D_eff_um": 4.261737742889634,
      "loss_factor": 0.4001382642964133,
      "gamma": 2.99999999823598,
      "theta_offset": -0.006069680913401591,
      "tau_ps": 0.018898512357342974,
      "success": true,
      "fun": 0.0017453145120788888
    }
  },
  "Global_Average": {
    "1D": {
      "P_eff_um": 15.438475155212833,
      "D_eff_um": 6.177699422254085,
      "alpha": 0.0,
      "gamma": 1.3051338989665184,
      "theta_offset": 0.3487744332562746,
      "eps_floor": 0.0,
      "success": true,
      "fun": 3.9389665673329066
    },
    "2D_Complex": {
      "P_eff_um": 15.5,
      "D_eff_um": 4.398376888749374,
      "loss_factor": 0.3162424206224208,
      "gamma": 1.0606874972032792,
      "theta_offset": -0.050166312026052984,
      "tau_ps": 0.03349508224176155,
      "success": true,
      "fun": 0.0026884774752137268
    }
  }
}